"Data Import Template","","","","","","","","","","","","","","","","","","","","","","","","","","","","","","","","","","","","","","","",""
"Table:","Sales Invoice","","","","","","","","","","","","","","","","","","","","","","","","","","","","","","","","","","","","","","",""
"","","","","","","","","","","","","","","","","","","","","","","","","","","","","","","","","","","","","","","","",""
"","","","","","","","","","","","","","","","","","","","","","","","","","","","","","","","","","","","","","","","",""
"Notes:","","","","","","","","","","","","","","","","","","","","","","","","","","","","","","","","","","","","","","","",""
"Please do not change the template headings.","","","","","","","","","","","","","","","","","","","","","","","","","","","","","","","","","","","","","","","",""
"First data column must be blank.","","","","","","","","","","","","","","","","","","","","","","","","","","","","","","","","","","","","","","","",""
"If you are uploading new records, leave the ""name"" (ID) column blank.","","","","","","","","","","","","","","","","","","","","","","","","","","","","","","","","","","","","","","","",""
"If you are uploading new records, ""Naming Series"" becomes mandatory, if present.","","","","","","","","","","","","","","","","","","","","","","","","","","","","","","","","","","","","","","","",""
"Only mandatory fields are necessary for new records. You can delete non-mandatory columns if you wish.","","","","","","","","","","","","","","","","","","","","","","","","","","","","","","","","","","","","","","","",""
"For updating, you can update only selective columns.","","","","","","","","","","","","","","","","","","","","","","","","","","","","","","","","","","","","","","","",""
"You can only upload upto 5000 records in one go. (may be less in some cases)","","","","","","","","","","","","","","","","","","","","","","","","","","","","","","","","","","","","","","","",""
"","","","","","","","","","","","","","","","","","","","","","","","","","","","","","","","","","","","","","","","",""
"DocType:","Sales Invoice","","","","","","","","","","","","~","Sales Invoice Item","items","","","","","","","","","~","~","~","~","Sales Taxes and Charges","taxes","","~","~","Payment Schedule","payment_schedule","~","Sales Invoice Payment","payments","~","Sales Team","sales_team"
"Column Labels:","Series","Company","Date","Currency","Exchange Rate","Price List","Price List Currency","Price List Exchange Rate","Net Total (Company Currency)","Grand Total (Company Currency)","Grand Total","Debit To","","Item Name","Description","UOM","UOM Conversion Factor","Rate","Amount","Rate (Company Currency)","Amount (Company Currency)","Income Account","Cost Center","","","","","Type","Account Head","Description","","","Due Date","Payment Amount","","Mode of Payment","Amount","","Sales Person",""
"Column Name:","naming_series","company","posting_date","currency","conversion_rate","selling_price_list","price_list_currency","plc_conversion_rate","base_net_total","base_grand_total","grand_total","debit_to","~","item_name","description","uom","conversion_factor","rate","amount","base_rate","base_amount","income_account","cost_center","~","~","~","~","charge_type","account_head","description","~","~","due_date","payment_amount","~","mode_of_payment","amount","~","sales_person","~"
"Mandatory:","Yes","Yes","Yes","Yes","Yes","Yes","Yes","Yes","Yes","Yes","Yes","Yes","","Yes","Yes","Yes","Yes","Yes","Yes","Yes","Yes","Yes","Yes","","","","","Yes","Yes","Yes","","","Yes","Yes","","Yes","Yes","","Yes",""
"Type:","Select","Link","Date","Link","Float","Link","Link","Float","Currency","Currency","Currency","Link","","Data","Text Editor","Link","Float","Currency","Currency","Currency","Currency","Link","Link","","","","","Select","Link","Small Text","","","Date","Currency","","Link","Currency","","Link",""
"Info:","One of: ACC-SINV-.YYYY.-","Valid Company","dd-mm-yyyy","Valid Currency","","Valid Price List","Valid Currency","","","","","Valid Account","","","","Valid UOM","","","","","","Valid Account","Valid Cost Center","","","","","One of: Actual, On Net Total, On Previous Row Amount, On Previous Row Total, On Item Quantity","Valid Account","","","","dd-mm-yyyy","","","Valid Mode of Payment","","","Valid Sales Person",""
"Start entering data below this line","","","","","","","","","","","","","","","","","","","","","","","","","","","","","","","","","","","","","","","",""
"","202197","Shahico Services","29-11-2016","BD","1","1","1","1","1","1","1","","","","","1","1","","1","1","1","1","1","","","","","","","","","","29-11-2016","300","","","1","","",""
"","202245","Shahico Services","20-12-2016","BD","1","1","1","1","1","1","1","","","","","1","1","","1","1","1","1","1","","","","","","","","","","20-12-2016","2107","","","1","","",""
"","202496","Shahico Services","28-02-2017","BD","1","1","1","1","1","1","1","","","","","1","1","","1","1","1","1","1","","","","","","","","","","30-12-2016","5","","","1","","",""
"","202761","Shahico Services","16-06-2017","BD","1","1","1","1","1","1","1","","","","","1","1","","1","1","1","1","1","","","","","","","","","","16-06-2017","175","","","1","","",""
"","202830","Shahico Services","7/4/2017","BD","1","1","1","1","1","1","1","","","","","1","1","","1","1","1","1","1","","","","","","","","","","7/4/2017","200","","","1","","",""
"","203531","Shahico Services","3/5/2018","BD","1","1","1","1","1","1","1","","","","","1","1","","1","1","1","1","1","","","","","","","","","","3/5/2018","175","","","1","","",""
"","203818","Shahico Services","6/3/2018","BD","1","1","1","1","1","1","1","","","","","1","1","","1","1","1","1","1","","","","","","","","","","6/3/2018","250","","","1","","",""
"","203828","Shahico Services","6/6/2018","BD","1","1","1","1","1","1","1","","","","","1","1","","1","1","1","1","1","","","","","","","","","","6/6/2018","150","","","1","","",""
"","204217","Shahico Services","14-10-2018","BD","1","1","1","1","1","1","1","","","","","1","1","","1","1","1","1","1","","","","","","","","","","14-10-2018","570","","","1","","",""
"","204517","Shahico Services","27-02-2019","BD","1","1","1","1","1","1","1","","","","","1","1","","1","1","1","1","1","","","","","","","","","","27-02-2019","120","","","1","","",""
"","204628","Shahico Services","4/2/2019","BD","1","1","1","1","1","1","1","","","","","1","1","","1","1","1","1","1","","","","","","","","","","4/2/2019","172","","","1","","",""
"","204834","Shahico Services","16-06-2019","BD","1","1","1","1","1","1","1","","","","","1","1","","1","1","1","1","1","","","","","","","","","","16-06-2019","20","","","1","","",""
"","204835","Shahico Services","16-06-2019","BD","1","1","1","1","1","1","1","","","","","1","1","","1","1","1","1","1","","","","","","","","","","16-06-2019","50","","","1","","",""
"","204989","Shahico Services","28-07-2019","BD","1","1","1","1","1","1","1","","","","","1","1","","1","1","1","1","1","","","","","","","","","","28-07-2019","10","","","1","","",""
"","205045","Shahico Services","24-08-2019","BD","1","1","1","1","1","1","1","","","","","1","1","","1","1","1","1","1","","","","","","","","","","24-08-2019","120","","","1","","",""
"","201833","Shahico Services","8/9/2016","BD","1","1","1","1","1","1","1","","","","","1","1","","1","1","1","1","1","","","","","","","","","","8/9/2016","32","","","1","","",""
"","201863","Shahico Services","15-08-2016","BD","1","1","1","1","1","1","1","","","","","1","1","","1","1","1","1","1","","","","","","","","","","15-08-2016","10","","","1","","",""
"","201864","Shahico Services","17-08-2016","BD","1","1","1","1","1","1","1","","","","","1","1","","1","1","1","1","1","","","","","","","","","","17-08-2016","35","","","1","","",""
"","201888","Shahico Services","25-08-2016","BD","1","1","1","1","1","1","1","","","","","1","1","","1","1","1","1","1","","","","","","","","","","25-08-2016","20","","","1","","",""
"","201943","Shahico Services","9/10/2016","BD","1","1","1","1","1","1","1","","","","","1","1","","1","1","1","1","1","","","","","","","","","","9/10/2016","175","","","1","","",""
"","201949","Shahico Services","18-09-2016","BD","1","1","1","1","1","1","1","","","","","1","1","","1","1","1","1","1","","","","","","","","","","18-09-2016","20","","","1","","",""
"","201981","Shahico Services","26-09-2016","BD","1","1","1","1","1","1","1","","","","","1","1","","1","1","1","1","1","","","","","","","","","","26-09-2016","7","","","1","","",""
"","201984","Shahico Services","28-09-2016","BD","1","1","1","1","1","1","1","","","","","1","1","","1","1","1","1","1","","","","","","","","","","28-09-2016","5","","","1","","",""
"","201988","Shahico Services","28-09-2016","BD","1","1","1","1","1","1","1","","","","","1","1","","1","1","1","1","1","","","","","","","","","","28-09-2016","5","","","1","","",""
"","202021","Shahico Services","10/12/2016","BD","1","1","1","1","1","1","1","","","","","1","1","","1","1","1","1","1","","","","","","","","","","10/12/2016","165","","","1","","",""
"","202040","Shahico Services","13-10-2016","BD","1","1","1","1","1","1","1","","","","","1","1","","1","1","1","1","1","","","","","","","","","","13-10-2016","5","","","1","","",""
"","202070","Shahico Services","22-10-2016","BD","1","1","1","1","1","1","1","","","","","1","1","","1","1","1","1","1","","","","","","","","","","22-10-2016","75","","","1","","",""
"","202080","Shahico Services","24-10-2016","BD","1","1","1","1","1","1","1","","","","","1","1","","1","1","1","1","1","","","","","","","","","","24-10-2016","5","","","1","","",""
"","202087","Shahico Services","26-10-2016","BD","1","1","1","1","1","1","1","","","","","1","1","","1","1","1","1","1","","","","","","","","","","26-10-2016","7","","","1","","",""
"","202094","Shahico Services","27-10-2016","BD","1","1","1","1","1","1","1","","","","","1","1","","1","1","1","1","1","","","","","","","","","","27-10-2016","3","","","1","","",""
"","202095","Shahico Services","27-10-2016","BD","1","1","1","1","1","1","1","","","","","1","1","","1","1","1","1","1","","","","","","","","","","27-10-2016","3","","","1","","",""
"","202096","Shahico Services","27-10-2016","BD","1","1","1","1","1","1","1","","","","","1","1","","1","1","1","1","1","","","","","","","","","","27-10-2016","3","","","1","","",""
"","202114","Shahico Services","11/6/2016","BD","1","1","1","1","1","1","1","","","","","1","1","","1","1","1","1","1","","","","","","","","","","11/3/2016","3","","","1","","",""
"","202116","Shahico Services","11/6/2016","BD","1","1","1","1","1","1","1","","","","","1","1","","1","1","1","1","1","","","","","","","","","","11/6/2016","3","","","1","","",""
"","202134","Shahico Services","11/9/2016","BD","1","1","1","1","1","1","1","","","","","1","1","","1","1","1","1","1","","","","","","","","","","11/9/2016","10","","","1","","",""
"","202162","Shahico Services","17-11-2016","BD","1","1","1","1","1","1","1","","","","","1","1","","1","1","1","1","1","","","","","","","","","","17-11-2016","3","","","1","","",""
"","202182","Shahico Services","23-11-2016","BD","1","1","1","1","1","1","1","","","","","1","1","","1","1","1","1","1","","","","","","","","","","23-11-2016","165","","","1","","",""
"","202193","Shahico Services","28-11-2016","BD","1","1","1","1","1","1","1","","","","","1","1","","1","1","1","1","1","","","","","","","","","","28-11-2016","7","","","1","","",""
"","202195","Shahico Services","29-11-2016","BD","1","1","1","1","1","1","1","","","","","1","1","","1","1","1","1","1","","","","","","","","","","29-11-2016","5","","","1","","",""
"","202173","Shahico Services","20-11-2016","BD","1","1","1","1","1","1","1","","","","","1","1","","1","1","1","1","1","","","","","","","","","","30-11-2016","20","","","1","","",""
"","202250","Shahico Services","14-12-2016","BD","1","1","1","1","1","1","1","","","","","1","1","","1","1","1","1","1","","","","","","","","","","14-12-2016","330","","","1","","",""
"","202363","Shahico Services","24-10-2016","BD","1","1","1","1","1","1","1","","","","","1","1","","1","1","1","1","1","","","","","","","","","","24-10-2016","0","","","1","","",""
"","202541","Shahico Services","19-03-2017","BD","1","1","1","1","1","1","1","","","","","1","1","","1","1","1","1","1","","","","","","","","","","19-03-2017","1100","","","1","","",""
"","202597","Shahico Services","4/9/2017","BD","1","1","1","1","1","1","1","","","","","1","1","","1","1","1","1","1","","","","","","","","","","4/9/2017","5","","","1","","",""
"","202754","Shahico Services","6/11/2017","BD","1","1","1","1","1","1","1","","","","","1","1","","1","1","1","1","1","","","","","","","","","","6/11/2017","550","","","1","","",""
"","202763","Shahico Services","15-06-2017","BD","1","1","1","1","1","1","1","","","","","1","1","","1","1","1","1","1","","","","","","","","","","15-06-2017","165","","","1","","",""
"","202871","Shahico Services","15-07-2017","BD","1","1","1","1","1","1","1","","","","","1","1","","1","1","1","1","1","","","","","","","","","","15-07-2017","20","","","1","","",""
"","202873","Shahico Services","15-07-2017","BD","1","1","1","1","1","1","1","","","","","1","1","","1","1","1","1","1","","","","","","","","","","15-07-2017","5","","","1","","",""
"","202874","Shahico Services","15-07-2017","BD","1","1","1","1","1","1","1","","","","","1","1","","1","1","1","1","1","","","","","","","","","","15-07-2017","2","","","1","","",""
"","202890","Shahico Services","20-07-2017","BD","1","1","1","1","1","1","1","","","","","1","1","","1","1","1","1","1","","","","","","","","","","20-07-2017","5","","","1","","",""
"","202891","Shahico Services","20-07-2017","BD","1","1","1","1","1","1","1","","","","","1","1","","1","1","1","1","1","","","","","","","","","","20-07-2017","5","","","1","","",""
"","202894","Shahico Services","20-07-2017","BD","1","1","1","1","1","1","1","","","","","1","1","","1","1","1","1","1","","","","","","","","","","20-07-2017","5","","","1","","",""
"","202895","Shahico Services","20-07-2017","BD","1","1","1","1","1","1","1","","","","","1","1","","1","1","1","1","1","","","","","","","","","","20-07-2017","4","","","1","","",""
"","202896","Shahico Services","20-07-2017","BD","1","1","1","1","1","1","1","","","","","1","1","","1","1","1","1","1","","","","","","","","","","20-07-2017","5","","","1","","",""
"","202956","Shahico Services","8/8/2017","BD","1","1","1","1","1","1","1","","","","","1","1","","1","1","1","1","1","","","","","","","","","","8/8/2017","5","","","1","","",""
"","202957","Shahico Services","8/8/2017","BD","1","1","1","1","1","1","1","","","","","1","1","","1","1","1","1","1","","","","","","","","","","8/8/2017","4","","","1","","",""
"","202958","Shahico Services","8/8/2017","BD","1","1","1","1","1","1","1","","","","","1","1","","1","1","1","1","1","","","","","","","","","","8/8/2017","10","","","1","","",""
"","202959","Shahico Services","8/8/2017","BD","1","1","1","1","1","1","1","","","","","1","1","","1","1","1","1","1","","","","","","","","","","8/8/2017","2","","","1","","",""
"","202960","Shahico Services","8/8/2017","BD","1","1","1","1","1","1","1","","","","","1","1","","1","1","1","1","1","","","","","","","","","","8/8/2017","2","","","1","","",""
"","202961","Shahico Services","8/8/2017","BD","1","1","1","1","1","1","1","","","","","1","1","","1","1","1","1","1","","","","","","","","","","8/8/2017","5","","","1","","",""
"","203015","Shahico Services","23-08-2017","BD","1","1","1","1","1","1","1","","","","","1","1","","1","1","1","1","1","","","","","","","","","","23-08-2017","391","","","1","","",""
"","203017","Shahico Services","24-08-2017","BD","1","1","1","1","1","1","1","","","","","1","1","","1","1","1","1","1","","","","","","","","","","24-08-2017","20","","","1","","",""
"","203058","Shahico Services","31-08-2017","BD","1","1","1","1","1","1","1","","","","","1","1","","1","1","1","1","1","","","","","","","","","","31-08-2017","0","","","1","","",""
"","203191","Shahico Services","16-10-2017","BD","1","1","1","1","1","1","1","","","","","1","1","","1","1","1","1","1","","","","","","","","","","16-10-2017","100","","","1","","",""
"","203245","Shahico Services","11/7/2017","BD","1","1","1","1","1","1","1","","","","","1","1","","1","1","1","1","1","","","","","","","","","","11/7/2017","5","","","1","","",""
"","201152","Shahico Services","15-12-2015","BD","1","1","1","1","1","1","1","","","","","1","1","","1","1","1","1","1","","","","","","","","","","15-12-2015","185","","","1","","",""
"","201153","Shahico Services","15-12-2015","BD","1","1","1","1","1","1","1","","","","","1","1","","1","1","1","1","1","","","","","","","","","","15-12-2015","7","","","1","","",""
"","201211","Shahico Services","12/2/2015","BD","1","1","1","1","1","1","1","","","","","1","1","","1","1","1","1","1","","","","","","","","","","12/2/2015","350","","","1","","",""
"","201260","Shahico Services","17-01-2016","BD","1","1","1","1","1","1","1","","","","","1","1","","1","1","1","1","1","","","","","","","","","","17-01-2016","500","","","1","","",""
"","201470","Shahico Services","29-03-2016","BD","1","1","1","1","1","1","1","","","","","1","1","","1","1","1","1","1","","","","","","","","","","29-03-2016","420","","","1","","",""
"","202051","Shahico Services","16-10-2016","BD","1","1","1","1","1","1","1","","","","","1","1","","1","1","1","1","1","","","","","","","","","","16-10-2016","4000","","","1","","",""
"","203043","Shahico Services","29-08-2017","BD","1","1","1","1","1","1","1","","","","","1","1","","1","1","1","1","1","","","","","","","","","","29-08-2017","4110","","","1","","",""
"","204440","Shahico Services","31-01-2019","BD","1","1","1","1","1","1","1","","","","","1","1","","1","1","1","1","1","","","","","","","","","","31-01-2019","4000","","","1","","",""
"","203489","Shahico Services","25-02-2018","BD","1","1","1","1","1","1","1","","","","","1","1","","1","1","1","1","1","","","","","","","","","","25-02-2018","320","","","1","","",""
"","204166","Shahico Services","27-09-2018","BD","1","1","1","1","1","1","1","","","","","1","1","","1","1","1","1","1","","","","","","","","","","27-09-2018","1300","","","1","","",""
"","204244","Shahico Services","31-10-2018","BD","1","1","1","1","1","1","1","","","","","1","1","","1","1","1","1","1","","","","","","","","","","31-10-2018","480","","","1","","",""
"","201636","Shahico Services","23-06-2016","BD","1","1","1","1","1","1","1","","","","","1","1","","1","1","1","1","1","","","","","","","","","","23-06-2016","870","","","1","","",""
"","203512","Shahico Services","3/3/2018","BD","1","1","1","1","1","1","1","","","","","1","1","","1","1","1","1","1","","","","","","","","","","3/3/2018","139","","","1","","",""
"","203588","Shahico Services","19-03-2018","BD","1","1","1","1","1","1","1","","","","","1","1","","1","1","1","1","1","","","","","","","","","","19-03-2018","11","","","1","","",""
"","204394","Shahico Services","20-01-2019","BD","1","1","1","1","1","1","1","","","","","1","1","","1","1","1","1","1","","","","","","","","","","20-01-2019","110","","","1","","",""
"","204401","Shahico Services","23-01-2019","BD","1","1","1","1","1","1","1","","","","","1","1","","1","1","1","1","1","","","","","","","","","","23-01-2019","140","","","1","","",""
"","204402","Shahico Services","23-01-2019","BD","1","1","1","1","1","1","1","","","","","1","1","","1","1","1","1","1","","","","","","","","","","23-01-2019","20","","","1","","",""
"","204627","Shahico Services","4/2/2019","BD","1","1","1","1","1","1","1","","","","","1","1","","1","1","1","1","1","","","","","","","","","","4/2/2019","100","","","1","","",""
"","204507","Shahico Services","24-02-2019","BD","1","1","1","1","1","1","1","","","","","1","1","","1","1","1","1","1","","","","","","","","","","24-02-2019","5","","","1","","",""
"","204508","Shahico Services","24-02-2019","BD","1","1","1","1","1","1","1","","","","","1","1","","1","1","1","1","1","","","","","","","","","","24-02-2019","3","","","1","","",""
"","203598","Shahico Services","21-03-2018","BD","1","1","1","1","1","1","1","","","","","1","1","","1","1","1","1","1","","","","","","","","","","21-03-2018","200","","","1","","",""
"","201836","Shahico Services","8/9/2016","BD","1","1","1","1","1","1","1","","","","","1","1","","1","1","1","1","1","","","","","","","","","","8/9/2016","7","","","1","","",""
"","202621","Shahico Services","29-05-2017","BD","1","1","1","1","1","1","1","","","","","1","1","","1","1","1","1","1","","","","","","","","","","29-05-2017","660","","","1","","",""
"","204880","Shahico Services","30-06-2019","BD","1","1","1","1","1","1","1","","","","","1","1","","1","1","1","1","1","","","","","","","","","","30-06-2019","250","","","1","","",""
"","202444","Shahico Services","29-12-2016","BD","1","1","1","1","1","1","1","","","","","1","1","","1","1","1","1","1","","","","","","","","","","29-12-2016","0","","","1","","",""
"","202598","Shahico Services","4/10/2017","BD","1","1","1","1","1","1","1","","","","","1","1","","1","1","1","1","1","","","","","","","","","","4/10/2017","20","","","1","","",""
"","203800","Shahico Services","29-05-2018","BD","1","1","1","1","1","1","1","","","","","1","1","","1","1","1","1","1","","","","","","","","","","29-05-2018","180","","","1","","",""
"","204466","Shahico Services","2/6/2019","BD","1","1","1","1","1","1","1","","","","","1","1","","1","1","1","1","1","","","","","","","","","","2/6/2019","180","","","1","","",""
"","202681","Shahico Services","15-05-2017","BD","1","1","1","1","1","1","1","","","","","1","1","","1","1","1","1","1","","","","","","","","","","15-05-2017","16200","","","1","","",""
"","202738","Shahico Services","6/4/2017","BD","1","1","1","1","1","1","1","","","","","1","1","","1","1","1","1","1","","","","","","","","","","6/4/2017","100","","","1","","",""
"","203001","Shahico Services","20-08-2017","BD","1","1","1","1","1","1","1","","","","","1","1","","1","1","1","1","1","","","","","","","","","","20-08-2017","15","","","1","","",""
"","203095","Shahico Services","19-08-2017","BD","1","1","1","1","1","1","1","","","","","1","1","","1","1","1","1","1","","","","","","","","","","19-08-2017","30","","","1","","",""
"","203328","Shahico Services","28-12-2017","BD","1","1","1","1","1","1","1","","","","","1","1","","1","1","1","1","1","","","","","","","","","","28-12-2017","354","","","1","","",""
"","203708","Shahico Services","29-04-2018","BD","1","1","1","1","1","1","1","","","","","1","1","","1","1","1","1","1","","","","","","","","","","29-04-2018","90","","","1","","",""
"","204118","Shahico Services","9/6/2018","BD","1","1","1","1","1","1","1","","","","","1","1","","1","1","1","1","1","","","","","","","","","","9/6/2018","0","","","1","","",""
"","204644","Shahico Services","4/7/2019","BD","1","1","1","1","1","1","1","","","","","1","1","","1","1","1","1","1","","","","","","","","","","4/7/2019","300","","","1","","",""
"","201683","Shahico Services","21-06-2016","BD","1","1","1","1","1","1","1","","","","","1","1","","1","1","1","1","1","","","","","","","","","","21-06-2016","357","","","1","","",""
"","201797","Shahico Services","27-07-2016","BD","1","1","1","1","1","1","1","","","","","1","1","","1","1","1","1","1","","","","","","","","","","27-07-2016","356","","","1","","",""
"","201713","Shahico Services","24-05-2016","BD","1","1","1","1","1","1","1","","","","","1","1","","1","1","1","1","1","","","","","","","","","","24-05-2016","30","","","1","","",""
"","204874","Shahico Services","26-06-2019","BD","1","1","1","1","1","1","1","","","","","1","1","","1","1","1","1","1","","","","","","","","","","26-06-2019","40","","","1","","",""
"","204925","Shahico Services","7/11/2019","BD","1","1","1","1","1","1","1","","","","","1","1","","1","1","1","1","1","","","","","","","","","","7/11/2019","80","","","1","","",""
"","204946","Shahico Services","18-07-2019","BD","1","1","1","1","1","1","1","","","","","1","1","","1","1","1","1","1","","","","","","","","","","18-07-2019","5","","","1","","",""
"","204947","Shahico Services","18-07-2019","BD","1","1","1","1","1","1","1","","","","","1","1","","1","1","1","1","1","","","","","","","","","","18-07-2019","5","","","1","","",""
"","204948","Shahico Services","18-07-2019","BD","1","1","1","1","1","1","1","","","","","1","1","","1","1","1","1","1","","","","","","","","","","18-07-2019","5","","","1","","",""
"","204949","Shahico Services","18-07-2019","BD","1","1","1","1","1","1","1","","","","","1","1","","1","1","1","1","1","","","","","","","","","","18-07-2019","5","","","1","","",""
"","201658","Shahico Services","16-06-2016","BD","1","1","1","1","1","1","1","","","","","1","1","","1","1","1","1","1","","","","","","","","","","16-06-2016","7","","","1","","",""
"","201486","Shahico Services","4/11/2016","BD","1","1","1","1","1","1","1","","","","","1","1","","1","1","1","1","1","","","","","","","","","","4/11/2016","120","","","1","","",""
"","204203","Shahico Services","10/10/2018","BD","1","1","1","1","1","1","1","","","","","1","1","","1","1","1","1","1","","","","","","","","","","10/10/2018","800","","","1","","",""
"","204398","Shahico Services","20-01-2019","BD","1","1","1","1","1","1","1","","","","","1","1","","1","1","1","1","1","","","","","","","","","","20-01-2019","5","","","1","","",""
"","204549","Shahico Services","3/11/2019","BD","1","1","1","1","1","1","1","","","","","1","1","","1","1","1","1","1","","","","","","","","","","3/11/2019","10","","","1","","",""
"","204550","Shahico Services","3/11/2019","BD","1","1","1","1","1","1","1","","","","","1","1","","1","1","1","1","1","","","","","","","","","","3/11/2019","50","","","1","","",""
"","204551","Shahico Services","3/11/2019","BD","1","1","1","1","1","1","1","","","","","1","1","","1","1","1","1","1","","","","","","","","","","3/11/2019","5","","","1","","",""
"","204553","Shahico Services","3/11/2019","BD","1","1","1","1","1","1","1","","","","","1","1","","1","1","1","1","1","","","","","","","","","","3/11/2019","10","","","1","","",""
"","204656","Shahico Services","4/10/2019","BD","1","1","1","1","1","1","1","","","","","1","1","","1","1","1","1","1","","","","","","","","","","4/10/2019","20","","","1","","",""
"","204657","Shahico Services","4/10/2019","BD","1","1","1","1","1","1","1","","","","","1","1","","1","1","1","1","1","","","","","","","","","","4/10/2019","20","","","1","","",""
"","204658","Shahico Services","4/10/2019","BD","1","1","1","1","1","1","1","","","","","1","1","","1","1","1","1","1","","","","","","","","","","4/10/2019","5","","","1","","",""
"","204920","Shahico Services","7/9/2019","BD","1","1","1","1","1","1","1","","","","","1","1","","1","1","1","1","1","","","","","","","","","","7/9/2019","700","","","1","","",""
"","201625","Shahico Services","6/5/2016","BD","1","1","1","1","1","1","1","","","","","1","1","","1","1","1","1","1","","","","","","","","","","6/5/2016","25","","","1","","",""
"","201181","Shahico Services","24-12-2015","BD","1","1","1","1","1","1","1","","","","","1","1","","1","1","1","1","1","","","","","","","","","","24-12-2015","188","","","1","","",""
"","201229","Shahico Services","1/10/2016","BD","1","1","1","1","1","1","1","","","","","1","1","","1","1","1","1","1","","","","","","","","","","1/10/2016","62","","","1","","",""
"","201274","Shahico Services","30-01-2016","BD","1","1","1","1","1","1","1","","","","","1","1","","1","1","1","1","1","","","","","","","","","","30-01-2016","75","","","1","","",""
"","201600","Shahico Services","28-05-2016","BD","1","1","1","1","1","1","1","","","","","1","1","","1","1","1","1","1","","","","","","","","","","28-05-2016","1450","","","1","","",""
"","201827","Shahico Services","8/7/2016","BD","1","1","1","1","1","1","1","","","","","1","1","","1","1","1","1","1","","","","","","","","","","8/7/2016","35","","","1","","",""
"","201849","Shahico Services","14-08-2016","BD","1","1","1","1","1","1","1","","","","","1","1","","1","1","1","1","1","","","","","","","","","","14-08-2016","7","","","1","","",""
"","202350","Shahico Services","1/5/2017","BD","1","1","1","1","1","1","1","","","","","1","1","","1","1","1","1","1","","","","","","","","","","1/5/2017","2650","","","1","","",""
"","202861","Shahico Services","7/11/2017","BD","1","1","1","1","1","1","1","","","","","1","1","","1","1","1","1","1","","","","","","","","","","7/11/2017","0","","","1","","",""
"","202524","Shahico Services","14-03-2017","BD","1","1","1","1","1","1","1","","","","","1","1","","1","1","1","1","1","","","","","","","","","","14-03-2017","1","","","1","","",""
"","202826","Shahico Services","7/2/2017","BD","1","1","1","1","1","1","1","","","","","1","1","","1","1","1","1","1","","","","","","","","","","7/2/2017","5","","","1","","",""
"","201381","Shahico Services","3/2/2016","BD","1","1","1","1","1","1","1","","","","","1","1","","1","1","1","1","1","","","","","","","","","","3/2/2016","50","","","1","","",""
"","201626","Shahico Services","6/6/2016","BD","1","1","1","1","1","1","1","","","","","1","1","","1","1","1","1","1","","","","","","","","","","6/6/2016","30","","","1","","",""
"","201552","Shahico Services","16-05-2016","BD","1","1","1","1","1","1","1","","","","","1","1","","1","1","1","1","1","","","","","","","","","","16-05-2016","30","","","1","","",""
"","203514","Shahico Services","3/4/2018","BD","1","1","1","1","1","1","1","","","","","1","1","","1","1","1","1","1","","","","","","","","","","3/4/2018","10","","","1","","",""
"","203579","Shahico Services","18-03-2018","BD","1","1","1","1","1","1","1","","","","","1","1","","1","1","1","1","1","","","","","","","","","","18-03-2018","140","","","1","","",""
"","204397","Shahico Services","22-01-2019","BD","1","1","1","1","1","1","1","","","","","1","1","","1","1","1","1","1","","","","","","","","","","22-01-2019","50","","","1","","",""
"","201760","Shahico Services","14-07-2016","BD","1","1","1","1","1","1","1","","","","","1","1","","1","1","1","1","1","","","","","","","","","","14-07-2016","0","","","1","","",""
"","202660","Shahico Services","5/8/2017","BD","1","1","1","1","1","1","1","","","","","1","1","","1","1","1","1","1","","","","","","","","","","5/8/2017","13","","","1","","",""
"","202286","Shahico Services","1/3/2017","BD","1","1","1","1","1","1","1","","","","","1","1","","1","1","1","1","1","","","","","","","","","","1/3/2017","3","","","1","","",""
"","202290","Shahico Services","1/4/2017","BD","1","1","1","1","1","1","1","","","","","1","1","","1","1","1","1","1","","","","","","","","","","1/4/2017","36","","","1","","",""
"","202291","Shahico Services","1/4/2017","BD","1","1","1","1","1","1","1","","","","","1","1","","1","1","1","1","1","","","","","","","","","","1/4/2017","36","","","1","","",""
"","202723","Shahico Services","30-05-2017","BD","1","1","1","1","1","1","1","","","","","1","1","","1","1","1","1","1","","","","","","","","","","30-05-2017","5","","","1","","",""
"","202724","Shahico Services","30-05-2017","BD","1","1","1","1","1","1","1","","","","","1","1","","1","1","1","1","1","","","","","","","","","","30-05-2017","5","","","1","","",""
"","202792","Shahico Services","22-06-2017","BD","1","1","1","1","1","1","1","","","","","1","1","","1","1","1","1","1","","","","","","","","","","22-06-2017","3","","","1","","",""
"","202840","Shahico Services","7/5/2017","BD","1","1","1","1","1","1","1","","","","","1","1","","1","1","1","1","1","","","","","","","","","","7/5/2017","20","","","1","","",""
"","203028","Shahico Services","24-08-2017","BD","1","1","1","1","1","1","1","","","","","1","1","","1","1","1","1","1","","","","","","","","","","24-08-2017","30","","","1","","",""
"","203029","Shahico Services","24-08-2017","BD","1","1","1","1","1","1","1","","","","","1","1","","1","1","1","1","1","","","","","","","","","","24-08-2017","20","","","1","","",""
"","203030","Shahico Services","24-08-2017","BD","1","1","1","1","1","1","1","","","","","1","1","","1","1","1","1","1","","","","","","","","","","24-08-2017","10","","","1","","",""
"","203031","Shahico Services","24-08-2017","BD","1","1","1","1","1","1","1","","","","","1","1","","1","1","1","1","1","","","","","","","","","","24-08-2017","2","","","1","","",""
"","203075","Shahico Services","9/6/2017","BD","1","1","1","1","1","1","1","","","","","1","1","","1","1","1","1","1","","","","","","","","","","9/6/2017","0","","","1","","",""
"","203479","Shahico Services","21-02-2018","BD","1","1","1","1","1","1","1","","","","","1","1","","1","1","1","1","1","","","","","","","","","","21-02-2018","5","","","1","","",""
"","203480","Shahico Services","21-02-2018","BD","1","1","1","1","1","1","1","","","","","1","1","","1","1","1","1","1","","","","","","","","","","21-02-2018","1","","","1","","",""
"","203621","Shahico Services","26-03-2018","BD","1","1","1","1","1","1","1","","","","","1","1","","1","1","1","1","1","","","","","","","","","","26-03-2018","10","","","1","","",""
"","204286","Shahico Services","26-11-2018","BD","1","1","1","1","1","1","1","","","","","1","1","","1","1","1","1","1","","","","","","","","","","26-11-2018","300","","","1","","",""
"","204351","Shahico Services","1/3/2019","BD","1","1","1","1","1","1","1","","","","","1","1","","1","1","1","1","1","","","","","","","","","","1/3/2019","3000","","","1","","",""
"","202451","Shahico Services","21-02-2017","BD","1","1","1","1","1","1","1","","","","","1","1","","1","1","1","1","1","","","","","","","","","","21-02-2017","0","","","1","","",""
"","201871","Shahico Services","20-08-2016","BD","1","1","1","1","1","1","1","","","","","1","1","","1","1","1","1","1","","","","","","","","","","20-08-2016","20","","","1","","",""
"","204873","Shahico Services","26-06-2019","BD","1","1","1","1","1","1","1","","","","","1","1","","1","1","1","1","1","","","","","","","","","","26-06-2019","489","","","1","","",""
"","202743","Shahico Services","6/6/2017","BD","1","1","1","1","1","1","1","","","","","1","1","","1","1","1","1","1","","","","","","","","","","6/6/2017","26","","","1","","",""
"","204803","Shahico Services","28-05-2019","BD","1","1","1","1","1","1","1","","","","","1","1","","1","1","1","1","1","","","","","","","","","","28-05-2019","0","","","1","","",""
"","201656","Shahico Services","16-06-2016","BD","1","1","1","1","1","1","1","","","","","1","1","","1","1","1","1","1","","","","","","","","","","16-06-2016","30","","","1","","",""
"","201577","Shahico Services","22-05-2016","BD","1","1","1","1","1","1","1","","","","","1","1","","1","1","1","1","1","","","","","","","","","","22-05-2016","525","","","1","","",""
"","201592","Shahico Services","26-05-2016","BD","1","1","1","1","1","1","1","","","","","1","1","","1","1","1","1","1","","","","","","","","","","26-05-2016","21","","","1","","",""
"","202288","Shahico Services","1/3/2017","BD","1","1","1","1","1","1","1","","","","","1","1","","1","1","1","1","1","","","","","","","","","","1/3/2017","5","","","1","","",""
"","203165","Shahico Services","28-09-2016","BD","1","1","1","1","1","1","1","","","","","1","1","","1","1","1","1","1","","","","","","","","","","28-09-2016","7","","","1","","",""
"","202296","Shahico Services","1/8/2017","BD","1","1","1","1","1","1","1","","","","","1","1","","1","1","1","1","1","","","","","","","","","","1/8/2017","5","","","1","","",""
"","202315","Shahico Services","15-01-2017","BD","1","1","1","1","1","1","1","","","","","1","1","","1","1","1","1","1","","","","","","","","","","15-01-2017","15","","","1","","",""
"","202752","Shahico Services","6/8/2017","BD","1","1","1","1","1","1","1","","","","","1","1","","1","1","1","1","1","","","","","","","","","","6/8/2017","13","","","1","","",""
"","201851","Shahico Services","14-08-2016","BD","1","1","1","1","1","1","1","","","","","1","1","","1","1","1","1","1","","","","","","","","","","14-08-2016","35","","","1","","",""
"","204214","Shahico Services","10/12/2018","BD","1","1","1","1","1","1","1","","","","","1","1","","1","1","1","1","1","","","","","","","","","","10/12/2018","1100","","","1","","",""
"","204266","Shahico Services","15-11-2018","BD","1","1","1","1","1","1","1","","","","","1","1","","1","1","1","1","1","","","","","","","","","","15-11-2018","380","","","1","","",""
"","204271","Shahico Services","18-11-2018","BD","1","1","1","1","1","1","1","","","","","1","1","","1","1","1","1","1","","","","","","","","","","18-11-2018","1","","","1","","",""
"","203443","Shahico Services","14-02-2018","BD","1","1","1","1","1","1","1","","","","","1","1","","1","1","1","1","1","","","","","","","","","","14-02-2018","93","","","1","","",""
"","203847","Shahico Services","6/10/2018","BD","1","1","1","1","1","1","1","","","","","1","1","","1","1","1","1","1","","","","","","","","","","6/10/2018","7","","","1","","",""
"","204511","Shahico Services","25-02-2019","BD","1","1","1","1","1","1","1","","","","","1","1","","1","1","1","1","1","","","","","","","","","","25-02-2019","50","","","1","","",""
"","204614","Shahico Services","31-03-2019","BD","1","1","1","1","1","1","1","","","","","1","1","","1","1","1","1","1","","","","","","","","","","31-03-2019","350","","","1","","",""
"","202848","Shahico Services","7/9/2017","BD","1","1","1","1","1","1","1","","","","","1","1","","1","1","1","1","1","","","","","","","","","","7/9/2017","5","","","1","","",""
"","202872","Shahico Services","15-07-2017","BD","1","1","1","1","1","1","1","","","","","1","1","","1","1","1","1","1","","","","","","","","","","15-07-2017","15","","","1","","",""
"","202969","Shahico Services","8/10/2017","BD","1","1","1","1","1","1","1","","","","","1","1","","1","1","1","1","1","","","","","","","","","","8/10/2017","7","","","1","","",""
"","203125","Shahico Services","17-09-2017","BD","1","1","1","1","1","1","1","","","","","1","1","","1","1","1","1","1","","","","","","","","","","17-09-2017","15","","","1","","",""
"","20172","Shahico Services","20-10-2015","BD","1","1","1","1","1","1","1","","","","","1","1","","1","1","1","1","1","","","","","","","","","","20-10-2015","660","","","1","","",""
"","201309","Shahico Services","2/7/2016","BD","1","1","1","1","1","1","1","","","","","1","1","","1","1","1","1","1","","","","","","","","","","2/7/2016","181","","","1","","",""
"","201380","Shahico Services","3/2/2016","BD","1","1","1","1","1","1","1","","","","","1","1","","1","1","1","1","1","","","","","","","","","","3/2/2016","181","","","1","","",""
"","201446","Shahico Services","20-03-2016","BD","1","1","1","1","1","1","1","","","","","1","1","","1","1","1","1","1","","","","","","","","","","20-03-2016","181","","","1","","",""
"","202475","Shahico Services","22-02-2017","BD","1","1","1","1","1","1","1","","","","","1","1","","1","1","1","1","1","","","","","","","","","","22-02-2017","5","","","1","","",""
"","202593","Shahico Services","4/6/2017","BD","1","1","1","1","1","1","1","","","","","1","1","","1","1","1","1","1","","","","","","","","","","4/6/2017","5","","","1","","",""
"","202693","Shahico Services","24-05-2017","BD","1","1","1","1","1","1","1","","","","","1","1","","1","1","1","1","1","","","","","","","","","","24-05-2017","7","","","1","","",""
"","202694","Shahico Services","24-05-2017","BD","1","1","1","1","1","1","1","","","","","1","1","","1","1","1","1","1","","","","","","","","","","24-05-2017","10","","","1","","",""
"","202695","Shahico Services","24-05-2017","BD","1","1","1","1","1","1","1","","","","","1","1","","1","1","1","1","1","","","","","","","","","","24-05-2017","7","","","1","","",""
"","203520","Shahico Services","3/5/2018","BD","1","1","1","1","1","1","1","","","","","1","1","","1","1","1","1","1","","","","","","","","","","3/5/2018","10","","","1","","",""
"","20089","Shahico Services","19-09-2015","BD","1","1","1","1","1","1","1","","","","","1","1","","1","1","1","1","1","","","","","","","","","","19-09-2015","130","","","1","","",""
"","201395","Shahico Services","3/3/2016","BD","1","1","1","1","1","1","1","","","","","1","1","","1","1","1","1","1","","","","","","","","","","3/3/2016","50","","","1","","",""
"","204544","Shahico Services","3/7/2019","BD","1","1","1","1","1","1","1","","","","","1","1","","1","1","1","1","1","","","","","","","","","","3/7/2019","1500","","","1","","",""
"","20140","Shahico Services","13-10-2015","BD","1","1","1","1","1","1","1","","","","","1","1","","1","1","1","1","1","","","","","","","","","","13-10-2015","480","","","1","","",""
"","201723","Shahico Services","27-06-2016","BD","1","1","1","1","1","1","1","","","","","1","1","","1","1","1","1","1","","","","","","","","","","27-06-2016","100","","","1","","",""
"","201455","Shahico Services","21-03-2016","BD","1","1","1","1","1","1","1","","","","","1","1","","1","1","1","1","1","","","","","","","","","","21-03-2016","7","","","1","","",""
"","202079","Shahico Services","24-10-2016","BD","1","1","1","1","1","1","1","","","","","1","1","","1","1","1","1","1","","","","","","","","","","24-10-2016","50","","","1","","",""
"","202228","Shahico Services","12/8/2016","BD","1","1","1","1","1","1","1","","","","","1","1","","1","1","1","1","1","","","","","","","","","","12/8/2016","0","","","1","","",""
"","203294","Shahico Services","12/10/2017","BD","1","1","1","1","1","1","1","","","","","1","1","","1","1","1","1","1","","","","","","","","","","12/4/2017","0","","","1","","",""
"","203295","Shahico Services","12/4/2017","BD","1","1","1","1","1","1","1","","","","","1","1","","1","1","1","1","1","","","","","","","","","","12/4/2017","0","","","1","","",""
"","204309","Shahico Services","12/10/2018","BD","1","1","1","1","1","1","1","","","","","1","1","","1","1","1","1","1","","","","","","","","","","12/10/2018","20","","","1","","",""
"","204225","Shahico Services","17-10-2018","BD","1","1","1","1","1","1","1","","","","","1","1","","1","1","1","1","1","","","","","","","","","","17-10-2018","250","","","1","","",""
"","201314","Shahico Services","2/9/2016","BD","1","1","1","1","1","1","1","","","","","1","1","","1","1","1","1","1","","","","","","","","","","2/9/2016","5","","","1","","",""
"","204356","Shahico Services","1/6/2019","BD","1","1","1","1","1","1","1","","","","","1","1","","1","1","1","1","1","","","","","","","","","","1/6/2019","170","","","1","","",""
"","204700","Shahico Services","27-04-2019","BD","1","1","1","1","1","1","1","","","","","1","1","","1","1","1","1","1","","","","","","","","","","27-04-2019","120","","","1","","",""
"","201305","Shahico Services","2/7/2016","BD","1","1","1","1","1","1","1","","","","","1","1","","1","1","1","1","1","","","","","","","","","","2/7/2016","14","","","1","","",""
"","204235","Shahico Services","22-10-2018","BD","1","1","1","1","1","1","1","","","","","1","1","","1","1","1","1","1","","","","","","","","","","23-10-2018","20","","","1","","",""
"","204275","Shahico Services","21-11-2018","BD","1","1","1","1","1","1","1","","","","","1","1","","1","1","1","1","1","","","","","","","","","","21-11-2018","50","","","1","","",""
"","204242","Shahico Services","28-10-2018","BD","1","1","1","1","1","1","1","","","","","1","1","","1","1","1","1","1","","","","","","","","","","28-10-2018","1950","","","1","","",""
"","204561","Shahico Services","16-03-2019","BD","1","1","1","1","1","1","1","","","","","1","1","","1","1","1","1","1","","","","","","","","","","16-03-2019","1000","","","1","","",""
"","203494","Shahico Services","26-02-2018","BD","1","1","1","1","1","1","1","","","","","1","1","","1","1","1","1","1","","","","","","","","","","26-02-2018","300","","","1","","",""
"","202301","Shahico Services","1/7/2017","BD","1","1","1","1","1","1","1","","","","","1","1","","1","1","1","1","1","","","","","","","","","","1/7/2017","1249","","","1","","",""
"","202312","Shahico Services","15-01-2017","BD","1","1","1","1","1","1","1","","","","","1","1","","1","1","1","1","1","","","","","","","","","","15-01-2017","800","","","1","","",""
"","202313","Shahico Services","15-01-2017","BD","1","1","1","1","1","1","1","","","","","1","1","","1","1","1","1","1","","","","","","","","","","15-01-2017","10","","","1","","",""
"","202388","Shahico Services","29-01-2017","BD","1","1","1","1","1","1","1","","","","","1","1","","1","1","1","1","1","","","","","","","","","","29-01-2017","0","","","1","","",""
"","202434","Shahico Services","18-02-2017","BD","1","1","1","1","1","1","1","","","","","1","1","","1","1","1","1","1","","","","","","","","","","18-02-2017","20","","","1","","",""
"","202452","Shahico Services","21-02-2017","BD","1","1","1","1","1","1","1","","","","","1","1","","1","1","1","1","1","","","","","","","","","","21-02-2017","21","","","1","","",""
"","202453","Shahico Services","21-02-2017","BD","1","1","1","1","1","1","1","","","","","1","1","","1","1","1","1","1","","","","","","","","","","21-02-2017","14","","","1","","",""
"","202454","Shahico Services","21-02-2017","BD","1","1","1","1","1","1","1","","","","","1","1","","1","1","1","1","1","","","","","","","","","","21-02-2017","0","","","1","","",""
"","202455","Shahico Services","21-02-2017","BD","1","1","1","1","1","1","1","","","","","1","1","","1","1","1","1","1","","","","","","","","","","21-02-2017","7","","","1","","",""
"","202456","Shahico Services","21-02-2017","BD","1","1","1","1","1","1","1","","","","","1","1","","1","1","1","1","1","","","","","","","","","","21-02-2017","30","","","1","","",""
"","202511","Shahico Services","3/10/2017","BD","1","1","1","1","1","1","1","","","","","1","1","","1","1","1","1","1","","","","","","","","","","3/10/2017","50","","","1","","",""
"","202817","Shahico Services","7/1/2017","BD","1","1","1","1","1","1","1","","","","","1","1","","1","1","1","1","1","","","","","","","","","","7/1/2017","20","","","1","","",""
"","202818","Shahico Services","7/1/2017","BD","1","1","1","1","1","1","1","","","","","1","1","","1","1","1","1","1","","","","","","","","","","7/1/2017","3","","","1","","",""
"","202819","Shahico Services","7/1/2017","BD","1","1","1","1","1","1","1","","","","","1","1","","1","1","1","1","1","","","","","","","","","","7/1/2017","7","","","1","","",""
"","202899","Shahico Services","22-07-2017","BD","1","1","1","1","1","1","1","","","","","1","1","","1","1","1","1","1","","","","","","","","","","22-07-2017","30","","","1","","",""
"","202901","Shahico Services","22-07-2017","BD","1","1","1","1","1","1","1","","","","","1","1","","1","1","1","1","1","","","","","","","","","","22-07-2017","7","","","1","","",""
"","202902","Shahico Services","22-07-2017","BD","1","1","1","1","1","1","1","","","","","1","1","","1","1","1","1","1","","","","","","","","","","22-07-2017","7","","","1","","",""
"","202903","Shahico Services","22-07-2017","BD","1","1","1","1","1","1","1","","","","","1","1","","1","1","1","1","1","","","","","","","","","","22-07-2017","7","","","1","","",""
"","202904","Shahico Services","22-07-2017","BD","1","1","1","1","1","1","1","","","","","1","1","","1","1","1","1","1","","","","","","","","","","22-07-2017","7","","","1","","",""
"","202905","Shahico Services","22-07-2017","BD","1","1","1","1","1","1","1","","","","","1","1","","1","1","1","1","1","","","","","","","","","","22-07-2017","7","","","1","","",""
"","202906","Shahico Services","22-07-2017","BD","1","1","1","1","1","1","1","","","","","1","1","","1","1","1","1","1","","","","","","","","","","22-07-2017","3","","","1","","",""
"","202907","Shahico Services","22-07-2017","BD","1","1","1","1","1","1","1","","","","","1","1","","1","1","1","1","1","","","","","","","","","","22-07-2017","7","","","1","","",""
"","202908","Shahico Services","22-07-2017","BD","1","1","1","1","1","1","1","","","","","1","1","","1","1","1","1","1","","","","","","","","","","22-07-2017","7","","","1","","",""
"","202909","Shahico Services","22-07-2017","BD","1","1","1","1","1","1","1","","","","","1","1","","1","1","1","1","1","","","","","","","","","","22-07-2017","7","","","1","","",""
"","202910","Shahico Services","22-07-2017","BD","1","1","1","1","1","1","1","","","","","1","1","","1","1","1","1","1","","","","","","","","","","22-07-2017","7","","","1","","",""
"","202911","Shahico Services","22-07-2017","BD","1","1","1","1","1","1","1","","","","","1","1","","1","1","1","1","1","","","","","","","","","","22-07-2017","7","","","1","","",""
"","202912","Shahico Services","22-07-2017","BD","1","1","1","1","1","1","1","","","","","1","1","","1","1","1","1","1","","","","","","","","","","22-07-2017","14","","","1","","",""
"","203481","Shahico Services","22-02-2018","BD","1","1","1","1","1","1","1","","","","","1","1","","1","1","1","1","1","","","","","","","","","","22-02-2018","650","","","1","","",""
"","203554","Shahico Services","3/12/2018","BD","1","1","1","1","1","1","1","","","","","1","1","","1","1","1","1","1","","","","","","","","","","3/12/2018","0","","","1","","",""
"","203595","Shahico Services","13-03-2018","BD","1","1","1","1","1","1","1","","","","","1","1","","1","1","1","1","1","","","","","","","","","","13-03-2018","0","","","1","","",""
"","203610","Shahico Services","24-03-2018","BD","1","1","1","1","1","1","1","","","","","1","1","","1","1","1","1","1","","","","","","","","","","24-03-2018","0","","","1","","",""
"","204016","Shahico Services","28-07-2018","BD","1","1","1","1","1","1","1","","","","","1","1","","1","1","1","1","1","","","","","","","","","","28-07-2018","0","","","1","","",""
"","204099","Shahico Services","29-08-2018","BD","1","1","1","1","1","1","1","","","","","1","1","","1","1","1","1","1","","","","","","","","","","29-08-2018","255","","","1","","",""
"","204120","Shahico Services","9/9/2018","BD","1","1","1","1","1","1","1","","","","","1","1","","1","1","1","1","1","","","","","","","","","","9/9/2018","475","","","1","","",""
"","204122","Shahico Services","9/9/2018","BD","1","1","1","1","1","1","1","","","","","1","1","","1","1","1","1","1","","","","","","","","","","9/9/2018","1201","","","1","","",""
"","204144","Shahico Services","15-09-2018","BD","1","1","1","1","1","1","1","","","","","1","1","","1","1","1","1","1","","","","","","","","","","15-09-2018","255","","","1","","",""
"","204145","Shahico Services","15-09-2018","BD","1","1","1","1","1","1","1","","","","","1","1","","1","1","1","1","1","","","","","","","","","","15-09-2018","255","","","1","","",""
"","204213","Shahico Services","10/11/2018","BD","1","1","1","1","1","1","1","","","","","1","1","","1","1","1","1","1","","","","","","","","","","10/12/2018","200","","","1","","",""
"","204233","Shahico Services","21-10-2018","BD","1","1","1","1","1","1","1","","","","","1","1","","1","1","1","1","1","","","","","","","","","","22-10-2018","255","","","1","","",""
"","204245","Shahico Services","31-10-2018","BD","1","1","1","1","1","1","1","","","","","1","1","","1","1","1","1","1","","","","","","","","","","31-10-2018","360","","","1","","",""
"","204868","Shahico Services","24-06-2019","BD","1","1","1","1","1","1","1","","","","","1","1","","1","1","1","1","1","","","","","","","","","","24-06-2019","220","","","1","","",""
"","201667","Shahico Services","19-06-2016","BD","1","1","1","1","1","1","1","","","","","1","1","","1","1","1","1","1","","","","","","","","","","19-06-2016","2875","","","1","","",""
"","201866","Shahico Services","18-08-2016","BD","1","1","1","1","1","1","1","","","","","1","1","","1","1","1","1","1","","","","","","","","","","18-08-2016","7","","","1","","",""
"","201973","Shahico Services","25-09-2016","BD","1","1","1","1","1","1","1","","","","","1","1","","1","1","1","1","1","","","","","","","","","","25-09-2016","0","","","1","","",""
"","201974","Shahico Services","25-09-2016","BD","1","1","1","1","1","1","1","","","","","1","1","","1","1","1","1","1","","","","","","","","","","25-09-2016","118","","","1","","",""
"","204488","Shahico Services","14-02-2019","BD","1","1","1","1","1","1","1","","","","","1","1","","1","1","1","1","1","","","","","","","","","","14-02-2019","10","","","1","","",""
"","20173","Shahico Services","26-10-2015","BD","1","1","1","1","1","1","1","","","","","1","1","","1","1","1","1","1","","","","","","","","","","26-10-2015","140","","","1","","",""
"","202775","Shahico Services","21-06-2017","BD","1","1","1","1","1","1","1","","","","","1","1","","1","1","1","1","1","","","","","","","","","","21-06-2017","1","","","1","","",""
"","200797","Shahico Services","7/1/2015","BD","1","1","1","1","1","1","1","","","","","1","1","","1","1","1","1","1","","","","","","","","","","7/1/2015","125","","","1","","",""
"","200798","Shahico Services","8/1/2015","BD","1","1","1","1","1","1","1","","","","","1","1","","1","1","1","1","1","","","","","","","","","","8/1/2015","150","","","1","","",""
"","200799","Shahico Services","9/1/2015","BD","1","1","1","1","1","1","1","","","","","1","1","","1","1","1","1","1","","","","","","","","","","9/1/2015","130","","","1","","",""
"","20138","Shahico Services","10/12/2015","BD","1","1","1","1","1","1","1","","","","","1","1","","1","1","1","1","1","","","","","","","","","","10/12/2015","125","","","1","","",""
"","201784","Shahico Services","11/9/2015","BD","1","1","1","1","1","1","1","","","","","1","1","","1","1","1","1","1","","","","","","","","","","11/9/2015","25","","","1","","",""
"","201131","Shahico Services","2/1/2016","BD","1","1","1","1","1","1","1","","","","","1","1","","1","1","1","1","1","","","","","","","","","","2/1/2016","0","","","1","","",""
"","201235","Shahico Services","1/11/2016","BD","1","1","1","1","1","1","1","","","","","1","1","","1","1","1","1","1","","","","","","","","","","1/11/2016","0","","","1","","",""
"","201299","Shahico Services","2/6/2016","BD","1","1","1","1","1","1","1","","","","","1","1","","1","1","1","1","1","","","","","","","","","","2/6/2016","0","","","1","","",""
"","201402","Shahico Services","3/5/2016","BD","1","1","1","1","1","1","1","","","","","1","1","","1","1","1","1","1","","","","","","","","","","3/5/2016","0","","","1","","",""
"","201518","Shahico Services","5/2/2016","BD","1","1","1","1","1","1","1","","","","","1","1","","1","1","1","1","1","","","","","","","","","","5/2/2016","0","","","1","","",""
"","201519","Shahico Services","5/2/2016","BD","1","1","1","1","1","1","1","","","","","1","1","","1","1","1","1","1","","","","","","","","","","5/2/2016","0","","","1","","",""
"","201813","Shahico Services","8/2/2016","BD","1","1","1","1","1","1","1","","","","","1","1","","1","1","1","1","1","","","","","","","","","","8/2/2016","40","","","1","","",""
"","202786","Shahico Services","21-06-2017","BD","1","1","1","1","1","1","1","","","","","1","1","","1","1","1","1","1","","","","","","","","","","21-06-2017","500","","","1","","",""
"","203080","Shahico Services","9/9/2017","BD","1","1","1","1","1","1","1","","","","","1","1","","1","1","1","1","1","","","","","","","","","","9/9/2017","30","","","1","","",""
"","203155","Shahico Services","25-09-2017","BD","1","1","1","1","1","1","1","","","","","1","1","","1","1","1","1","1","","","","","","","","","","25-09-2017","30","","","1","","",""
"","202776","Shahico Services","21-06-2017","BD","1","1","1","1","1","1","1","","","","","1","1","","1","1","1","1","1","","","","","","","","","","21-06-2017","1","","","1","","",""
"","202370","Shahico Services","22-01-2017","BD","1","1","1","1","1","1","1","","","","","1","1","","1","1","1","1","1","","","","","","","","","","22-01-2017","300","","","1","","",""
"","201842","Shahico Services","13-08-2016","BD","1","1","1","1","1","1","1","","","","","1","1","","1","1","1","1","1","","","","","","","","","","13-08-2016","20","","","1","","",""
"","202072","Shahico Services","23-10-2016","BD","1","1","1","1","1","1","1","","","","","1","1","","1","1","1","1","1","","","","","","","","","","23-10-2016","20","","","1","","",""
"","202104","Shahico Services","11/1/2016","BD","1","1","1","1","1","1","1","","","","","1","1","","1","1","1","1","1","","","","","","","","","","11/1/2016","50","","","1","","",""
"","202371","Shahico Services","22-01-2017","BD","1","1","1","1","1","1","1","","","","","1","1","","1","1","1","1","1","","","","","","","","","","22-01-2017","2","","","1","","",""
"","202373","Shahico Services","22-01-2017","BD","1","1","1","1","1","1","1","","","","","1","1","","1","1","1","1","1","","","","","","","","","","22-01-2017","4","","","1","","",""
"","202457","Shahico Services","21-02-2017","BD","1","1","1","1","1","1","1","","","","","1","1","","1","1","1","1","1","","","","","","","","","","21-02-2017","0","","","1","","",""
"","204482","Shahico Services","2/11/2019","BD","1","1","1","1","1","1","1","","","","","1","1","","1","1","1","1","1","","","","","","","","","","2/11/2019","350","","","1","","",""
"","202302","Shahico Services","1/11/2017","BD","1","1","1","1","1","1","1","","","","","1","1","","1","1","1","1","1","","","","","","","","","","1/11/2017","400","","","1","","",""
"","203370","Shahico Services","16-01-2018","BD","1","1","1","1","1","1","1","","","","","1","1","","1","1","1","1","1","","","","","","","","","","16-01-2018","350","","","1","","",""
"","203388","Shahico Services","24-01-2018","BD","1","1","1","1","1","1","1","","","","","1","1","","1","1","1","1","1","","","","","","","","","","24-01-2018","5","","","1","","",""
"","203349","Shahico Services","1/9/2018","BD","1","1","1","1","1","1","1","","","","","1","1","","1","1","1","1","1","","","","","","","","","","1/9/2018","560","","","1","","",""
"","203136","Shahico Services","18-01-2017","BD","1","1","1","1","1","1","1","","","","","1","1","","1","1","1","1","1","","","","","","","","","","18-01-2017","300","","","1","","",""
"","201082","Shahico Services","15-11-2015","BD","1","1","1","1","1","1","1","","","","","1","1","","1","1","1","1","1","","","","","","","","","","15-11-2015","20","","","1","","",""
"","202314","Shahico Services","15-01-2017","BD","1","1","1","1","1","1","1","","","","","1","1","","1","1","1","1","1","","","","","","","","","","15-01-2017","14","","","1","","",""
"","204516","Shahico Services","27-02-2019","BD","1","1","1","1","1","1","1","","","","","1","1","","1","1","1","1","1","","","","","","","","","","27-02-2019","700","","","1","","",""
"","204539","Shahico Services","3/7/2019","BD","1","1","1","1","1","1","1","","","","","1","1","","1","1","1","1","1","","","","","","","","","","3/7/2019","350","","","1","","",""
"","204918","Shahico Services","7/7/2019","BD","1","1","1","1","1","1","1","","","","","1","1","","1","1","1","1","1","","","","","","","","","","7/7/2019","200","","","1","","",""
"","201566","Shahico Services","19-05-2016","BD","1","1","1","1","1","1","1","","","","","1","1","","1","1","1","1","1","","","","","","","","","","19-05-2016","1737","","","1","","",""
"","202007","Shahico Services","10/8/2016","BD","1","1","1","1","1","1","1","","","","","1","1","","1","1","1","1","1","","","","","","","","","","10/8/2016","725","","","1","","",""
"","202584","Shahico Services","10/8/2016","BD","1","1","1","1","1","1","1","","","","","1","1","","1","1","1","1","1","","","","","","","","","","4/4/2017","516","","","1","","",""
"","202179","Shahico Services","22-11-2016","BD","1","1","1","1","1","1","1","","","","","1","1","","1","1","1","1","1","","","","","","","","","","22-11-2016","850","","","1","","",""
"","202483","Shahico Services","15-02-2017","BD","1","1","1","1","1","1","1","","","","","1","1","","1","1","1","1","1","","","","","","","","","","15-02-2017","5","","","1","","",""
"","201737","Shahico Services","28-06-2016","BD","1","1","1","1","1","1","1","","","","","1","1","","1","1","1","1","1","","","","","","","","","","28-06-2016","200","","","1","","",""
"","201843","Shahico Services","13-08-2016","BD","1","1","1","1","1","1","1","","","","","1","1","","1","1","1","1","1","","","","","","","","","","13-08-2016","0","","","1","","",""
"","202032","Shahico Services","10/12/2016","BD","1","1","1","1","1","1","1","","","","","1","1","","1","1","1","1","1","","","","","","","","","","10/12/2016","11","","","1","","",""
"","202225","Shahico Services","12/10/2016","BD","1","1","1","1","1","1","1","","","","","1","1","","1","1","1","1","1","","","","","","","","","","12/10/2016","10","","","1","","",""
"","202226","Shahico Services","12/10/2016","BD","1","1","1","1","1","1","1","","","","","1","1","","1","1","1","1","1","","","","","","","","","","12/10/2016","0","","","1","","",""
"","203282","Shahico Services","25-11-2017","BD","1","1","1","1","1","1","1","","","","","1","1","","1","1","1","1","1","","","","","","","","","","25-11-2017","701","","","1","","",""
"","203283","Shahico Services","25-11-2017","BD","1","1","1","1","1","1","1","","","","","1","1","","1","1","1","1","1","","","","","","","","","","25-11-2017","350","","","1","","",""
"","203292","Shahico Services","12/3/2017","BD","1","1","1","1","1","1","1","","","","","1","1","","1","1","1","1","1","","","","","","","","","","12/3/2017","3","","","1","","",""
"","201326","Shahico Services","16-02-2016","BD","1","1","1","1","1","1","1","","","","","1","1","","1","1","1","1","1","","","","","","","","","","16-02-2016","40","","","1","","",""
"","201196","Shahico Services","27-12-2015","BD","1","1","1","1","1","1","1","","","","","1","1","","1","1","1","1","1","","","","","","","","","","27-12-2015","10","","","1","","",""
"","204010","Shahico Services","25-07-2018","BD","1","1","1","1","1","1","1","","","","","1","1","","1","1","1","1","1","","","","","","","","","","25-07-2018","290","","","1","","",""
"","203910","Shahico Services","27-06-2018","BD","1","1","1","1","1","1","1","","","","","1","1","","1","1","1","1","1","","","","","","","","","","27-06-2018","60","","","1","","",""
"","20125","Shahico Services","10/6/2015","BD","1","1","1","1","1","1","1","","","","","1","1","","1","1","1","1","1","","","","","","","","","","10/6/2015","45","","","1","","",""
"","20130","Shahico Services","10/7/2015","BD","1","1","1","1","1","1","1","","","","","1","1","","1","1","1","1","1","","","","","","","","","","10/7/2015","10","","","1","","",""
"","20162","Shahico Services","10/12/2015","BD","1","1","1","1","1","1","1","","","","","1","1","","1","1","1","1","1","","","","","","","","","","10/12/2015","140","","","1","","",""
"","20163","Shahico Services","10/7/2015","BD","1","1","1","1","1","1","1","","","","","1","1","","1","1","1","1","1","","","","","","","","","","10/7/2015","45","","","1","","",""
"","20170","Shahico Services","20-10-2015","BD","1","1","1","1","1","1","1","","","","","1","1","","1","1","1","1","1","","","","","","","","","","20-10-2015","0","","","1","","",""
"","20177","Shahico Services","21-10-2015","BD","1","1","1","1","1","1","1","","","","","1","1","","1","1","1","1","1","","","","","","","","","","21-10-2015","55","","","1","","",""
"","201750","Shahico Services","11/1/2015","BD","1","1","1","1","1","1","1","","","","","1","1","","1","1","1","1","1","","","","","","","","","","11/1/2015","45","","","1","","",""
"","201762","Shahico Services","11/2/2015","BD","1","1","1","1","1","1","1","","","","","1","1","","1","1","1","1","1","","","","","","","","","","11/2/2015","90","","","1","","",""
"","201773","Shahico Services","11/7/2015","BD","1","1","1","1","1","1","1","","","","","1","1","","1","1","1","1","1","","","","","","","","","","11/7/2015","15","","","1","","",""
"","201787","Shahico Services","11/11/2015","BD","1","1","1","1","1","1","1","","","","","1","1","","1","1","1","1","1","","","","","","","","","","11/11/2015","0","","","1","","",""
"","201135","Shahico Services","12/6/2015","BD","1","1","1","1","1","1","1","","","","","1","1","","1","1","1","1","1","","","","","","","","","","12/6/2015","130","","","1","","",""
"","201262","Shahico Services","20-01-2016","BD","1","1","1","1","1","1","1","","","","","1","1","","1","1","1","1","1","","","","","","","","","","20-01-2016","0","","","1","","",""
"","201419","Shahico Services","3/8/2016","BD","1","1","1","1","1","1","1","","","","","1","1","","1","1","1","1","1","","","","","","","","","","3/8/2016","1500","","","1","","",""
"","201691","Shahico Services","22-06-2016","BD","1","1","1","1","1","1","1","","","","","1","1","","1","1","1","1","1","","","","","","","","","","22-06-2016","35","","","1","","",""
"","202544","Shahico Services","3/12/2017","BD","1","1","1","1","1","1","1","","","","","1","1","","1","1","1","1","1","","","","","","","","","","3/12/2017","10","","","1","","",""
"","204819","Shahico Services","6/9/2019","BD","1","1","1","1","1","1","1","","","","","1","1","","1","1","1","1","1","","","","","","","","","","6/9/2019","260","","","1","","",""
"","201705","Shahico Services","26-06-2016","BD","1","1","1","1","1","1","1","","","","","1","1","","1","1","1","1","1","","","","","","","","","","26-06-2016","0","","","1","","",""
"","201697","Shahico Services","23-06-2016","BD","1","1","1","1","1","1","1","","","","","1","1","","1","1","1","1","1","","","","","","","","","","23-06-2016","1200","","","1","","",""
"","201860","Shahico Services","17-08-2016","BD","1","1","1","1","1","1","1","","","","","1","1","","1","1","1","1","1","","","","","","","","","","17-08-2016","20","","","1","","",""
"","201874","Shahico Services","20-08-2016","BD","1","1","1","1","1","1","1","","","","","1","1","","1","1","1","1","1","","","","","","","","","","20-08-2016","165","","","1","","",""
"","201892","Shahico Services","25-08-2016","BD","1","1","1","1","1","1","1","","","","","1","1","","1","1","1","1","1","","","","","","","","","","25-08-2016","1558","","","1","","",""
"","201924","Shahico Services","9/3/2016","BD","1","1","1","1","1","1","1","","","","","1","1","","1","1","1","1","1","","","","","","","","","","9/3/2016","7","","","1","","",""
"","201932","Shahico Services","9/8/2016","BD","1","1","1","1","1","1","1","","","","","1","1","","1","1","1","1","1","","","","","","","","","","9/8/2016","20","","","1","","",""
"","201950","Shahico Services","18-09-2016","BD","1","1","1","1","1","1","1","","","","","1","1","","1","1","1","1","1","","","","","","","","","","18-09-2016","0","","","1","","",""
"","202002","Shahico Services","10/5/2016","BD","1","1","1","1","1","1","1","","","","","1","1","","1","1","1","1","1","","","","","","","","","","10/5/2016","0","","","1","","",""
"","202758","Shahico Services","6/12/2017","BD","1","1","1","1","1","1","1","","","","","1","1","","1","1","1","1","1","","","","","","","","","","6/12/2017","315","","","1","","",""
"","202789","Shahico Services","20-06-2017","BD","1","1","1","1","1","1","1","","","","","1","1","","1","1","1","1","1","","","","","","","","","","20-06-2017","2550","","","1","","",""
"","203502","Shahico Services","27-02-2018","BD","1","1","1","1","1","1","1","","","","","1","1","","1","1","1","1","1","","","","","","","","","","27-02-2018","5","","","1","","",""
"","203522","Shahico Services","3/5/2018","BD","1","1","1","1","1","1","1","","","","","1","1","","1","1","1","1","1","","","","","","","","","","3/5/2018","10","","","1","","",""
"","203757","Shahico Services","17-05-2018","BD","1","1","1","1","1","1","1","","","","","1","1","","1","1","1","1","1","","","","","","","","","","17-05-2018","10","","","1","","",""
"","204036","Shahico Services","8/1/2018","BD","1","1","1","1","1","1","1","","","","","1","1","","1","1","1","1","1","","","","","","","","","","8/1/2018","200","","","1","","",""
"","204103","Shahico Services","30-08-2018","BD","1","1","1","1","1","1","1","","","","","1","1","","1","1","1","1","1","","","","","","","","","","30-08-2018","0","","","1","","",""
"","204114","Shahico Services","9/4/2018","BD","1","1","1","1","1","1","1","","","","","1","1","","1","1","1","1","1","","","","","","","","","","9/4/2018","5","","","1","","",""
"","204117","Shahico Services","9/5/2018","BD","1","1","1","1","1","1","1","","","","","1","1","","1","1","1","1","1","","","","","","","","","","9/5/2018","10","","","1","","",""
"","204179","Shahico Services","10/3/2018","BD","1","1","1","1","1","1","1","","","","","1","1","","1","1","1","1","1","","","","","","","","","","10/3/2018","10","","","1","","",""
"","204260","Shahico Services","13-11-2018","BD","1","1","1","1","1","1","1","","","","","1","1","","1","1","1","1","1","","","","","","","","","","13-11-2018","5","","","1","","",""
"","204372","Shahico Services","1/10/2019","BD","1","1","1","1","1","1","1","","","","","1","1","","1","1","1","1","1","","","","","","","","","","1/10/2019","10","","","1","","",""
"","204972","Shahico Services","24-07-2019","BD","1","1","1","1","1","1","1","","","","","1","1","","1","1","1","1","1","","","","","","","","","","24-07-2019","300","","","1","","",""
"","205015","Shahico Services","8/7/2019","BD","1","1","1","1","1","1","1","","","","","1","1","","1","1","1","1","1","","","","","","","","","","8/7/2019","300","","","1","","",""
"","201083","Shahico Services","16-11-2015","BD","1","1","1","1","1","1","1","","","","","1","1","","1","1","1","1","1","","","","","","","","","","16-11-2015","7","","","1","","",""
"","201905","Shahico Services","30-08-2016","BD","1","1","1","1","1","1","1","","","","","1","1","","1","1","1","1","1","","","","","","","","","","30-08-2016","0","","","1","","",""
"","201674","Shahico Services","6/9/2016","BD","1","1","1","1","1","1","1","","","","","1","1","","1","1","1","1","1","","","","","","","","","","6/9/2016","15","","","1","","",""
"","201759","Shahico Services","7/2/2016","BD","1","1","1","1","1","1","1","","","","","1","1","","1","1","1","1","1","","","","","","","","","","7/2/2016","250","","","1","","",""
"","204377","Shahico Services","14-01-2019","BD","1","1","1","1","1","1","1","","","","","1","1","","1","1","1","1","1","","","","","","","","","","14-01-2019","350","","","1","","",""
"","204752","Shahico Services","5/12/2019","BD","1","1","1","1","1","1","1","","","","","1","1","","1","1","1","1","1","","","","","","","","","","5/12/2019","250","","","1","","",""
"","204071","Shahico Services","8/9/2018","BD","1","1","1","1","1","1","1","","","","","1","1","","1","1","1","1","1","","","","","","","","","","8/9/2018","20","","","1","","",""
"","203587","Shahico Services","19-03-2018","BD","1","1","1","1","1","1","1","","","","","1","1","","1","1","1","1","1","","","","","","","","","","19-03-2018","10","","","1","","",""
"","204527","Shahico Services","3/4/2019","BD","1","1","1","1","1","1","1","","","","","1","1","","1","1","1","1","1","","","","","","","","","","3/4/2019","30","","","1","","",""
"","203127","Shahico Services","17-09-2017","BD","1","1","1","1","1","1","1","","","","","1","1","","1","1","1","1","1","","","","","","","","","","17-09-2017","21.5","","","1","","",""
"","204895","Shahico Services","7/4/2019","BD","1","1","1","1","1","1","1","","","","","1","1","","1","1","1","1","1","","","","","","","","","","7/4/2019","300","","","1","","",""
"","205039","Shahico Services","22-08-2019","BD","1","1","1","1","1","1","1","","","","","1","1","","1","1","1","1","1","","","","","","","","","","22-08-2019","1500","","","1","","",""
"","205000","Shahico Services","30-07-2019","BD","1","1","1","1","1","1","1","","","","","1","1","","1","1","1","1","1","","","","","","","","","","31-07-2019","40","","","1","","",""
"","204521","Shahico Services","3/2/2019","BD","1","1","1","1","1","1","1","","","","","1","1","","1","1","1","1","1","","","","","","","","","","3/2/2019","500","","","1","","",""
"","203382","Shahico Services","23-01-2018","BD","1","1","1","1","1","1","1","","","","","1","1","","1","1","1","1","1","","","","","","","","","","23-01-2018","350","","","1","","",""
"","203429","Shahico Services","2/11/2018","BD","1","1","1","1","1","1","1","","","","","1","1","","1","1","1","1","1","","","","","","","","","","2/11/2018","10","","","1","","",""
"","201603","Shahico Services","29-05-2016","BD","1","1","1","1","1","1","1","","","","","1","1","","1","1","1","1","1","","","","","","","","","","25-05-2016","100","","","1","","",""
"","201679","Shahico Services","21-06-2016","BD","1","1","1","1","1","1","1","","","","","1","1","","1","1","1","1","1","","","","","","","","","","21-06-2016","40","","","1","","",""
"","203044","Shahico Services","29-08-2017","BD","1","1","1","1","1","1","1","","","","","1","1","","1","1","1","1","1","","","","","","","","","","29-08-2017","5","","","1","","",""
"","203045","Shahico Services","29-08-2017","BD","1","1","1","1","1","1","1","","","","","1","1","","1","1","1","1","1","","","","","","","","","","29-08-2017","5","","","1","","",""
"","201192","Shahico Services","26-12-2015","BD","1","1","1","1","1","1","1","","","","","1","1","","1","1","1","1","1","","","","","","","","","","26-12-2015","700","","","1","","",""
"","201243","Shahico Services","29-12-2015","BD","1","1","1","1","1","1","1","","","","","1","1","","1","1","1","1","1","","","","","","","","","","29-12-2015","220","","","1","","",""
"","201840","Shahico Services","13-08-2016","BD","1","1","1","1","1","1","1","","","","","1","1","","1","1","1","1","1","","","","","","","","","","13-08-2016","100","","","1","","",""
"","202976","Shahico Services","8/10/2017","BD","1","1","1","1","1","1","1","","","","","1","1","","1","1","1","1","1","","","","","","","","","","8/10/2017","5","","","1","","",""
"","201682","Shahico Services","21-06-2016","BD","1","1","1","1","1","1","1","","","","","1","1","","1","1","1","1","1","","","","","","","","","","21-06-2016","10","","","1","","",""
"","204206","Shahico Services","10/10/2018","BD","1","1","1","1","1","1","1","","","","","1","1","","1","1","1","1","1","","","","","","","","","","10/10/2018","5","","","1","","",""
"","203377","Shahico Services","20-01-2018","BD","1","1","1","1","1","1","1","","","","","1","1","","1","1","1","1","1","","","","","","","","","","20-01-2018","100","","","1","","",""
"","201088","Shahico Services","17-11-2015","BD","1","1","1","1","1","1","1","","","","","1","1","","1","1","1","1","1","","","","","","","","","","17-11-2015","22","","","1","","",""
"","201141","Shahico Services","12/9/2015","BD","1","1","1","1","1","1","1","","","","","1","1","","1","1","1","1","1","","","","","","","","","","12/9/2015","25","","","1","","",""
"","203723","Shahico Services","5/6/2018","BD","1","1","1","1","1","1","1","","","","","1","1","","1","1","1","1","1","","","","","","","","","","5/6/2018","350","","","1","","",""
"","203746","Shahico Services","13-05-2018","BD","1","1","1","1","1","1","1","","","","","1","1","","1","1","1","1","1","","","","","","","","","","13-05-2018","300","","","1","","",""
"","204600","Shahico Services","26-03-2019","BD","1","1","1","1","1","1","1","","","","","1","1","","1","1","1","1","1","","","","","","","","","","26-03-2019","145","","","1","","",""
"","203750","Shahico Services","15-05-2018","BD","1","1","1","1","1","1","1","","","","","1","1","","1","1","1","1","1","","","","","","","","","","15-05-2018","350","","","1","","",""
"","201350","Shahico Services","22-02-2016","BD","1","1","1","1","1","1","1","","","","","1","1","","1","1","1","1","1","","","","","","","","","","22-02-2016","350","","","1","","",""
"","203840","Shahico Services","6/10/2018","BD","1","1","1","1","1","1","1","","","","","1","1","","1","1","1","1","1","","","","","","","","","","6/10/2018","200","","","1","","",""
"","201869","Shahico Services","18-08-2016","BD","1","1","1","1","1","1","1","","","","","1","1","","1","1","1","1","1","","","","","","","","","","18-08-2016","30","","","1","","",""
"","204371","Shahico Services","1/10/2019","BD","1","1","1","1","1","1","1","","","","","1","1","","1","1","1","1","1","","","","","","","","","","1/10/2019","50","","","1","","",""
"","203568","Shahico Services","3/8/2018","BD","1","1","1","1","1","1","1","","","","","1","1","","1","1","1","1","1","","","","","","","","","","3/8/2018","200","","","1","","",""
"","203149","Shahico Services","25-09-2017","BD","1","1","1","1","1","1","1","","","","","1","1","","1","1","1","1","1","","","","","","","","","","25-09-2017","5","","","1","","",""
"","201733","Shahico Services","21-06-2016","BD","1","1","1","1","1","1","1","","","","","1","1","","1","1","1","1","1","","","","","","","","","","21-06-2016","100","","","1","","",""
"","203956","Shahico Services","7/3/2018","BD","1","1","1","1","1","1","1","","","","","1","1","","1","1","1","1","1","","","","","","","","","","7/3/2018","20","","","1","","",""
"","203971","Shahico Services","7/5/2018","BD","1","1","1","1","1","1","1","","","","","1","1","","1","1","1","1","1","","","","","","","","","","7/5/2018","200","","","1","","",""
"","203023","Shahico Services","24-08-2017","BD","1","1","1","1","1","1","1","","","","","1","1","","1","1","1","1","1","","","","","","","","","","24-08-2017","13","","","1","","",""
"","203179","Shahico Services","10/7/2017","BD","1","1","1","1","1","1","1","","","","","1","1","","1","1","1","1","1","","","","","","","","","","10/7/2017","7","","","1","","",""
"","204863","Shahico Services","23-06-2019","BD","1","1","1","1","1","1","1","","","","","1","1","","1","1","1","1","1","","","","","","","","","","23-06-2019","120","","","1","","",""
"","205052","Shahico Services","26-08-2019","BD","1","1","1","1","1","1","1","","","","","1","1","","1","1","1","1","1","","","","","","","","","","26-08-2019","300","","","1","","",""
"","203355","Shahico Services","1/11/2018","BD","1","1","1","1","1","1","1","","","","","1","1","","1","1","1","1","1","","","","","","","","","","1/11/2018","300","","","1","","",""
"","203437","Shahico Services","2/11/2018","BD","1","1","1","1","1","1","1","","","","","1","1","","1","1","1","1","1","","","","","","","","","","2/11/2018","100","","","1","","",""
"","203523","Shahico Services","3/5/2018","BD","1","1","1","1","1","1","1","","","","","1","1","","1","1","1","1","1","","","","","","","","","","3/5/2018","10","","","1","","",""
"","203525","Shahico Services","3/5/2018","BD","1","1","1","1","1","1","1","","","","","1","1","","1","1","1","1","1","","","","","","","","","","3/5/2018","10","","","1","","",""
"","203898","Shahico Services","25-06-2018","BD","1","1","1","1","1","1","1","","","","","1","1","","1","1","1","1","1","","","","","","","","","","25-06-2018","260","","","1","","",""
"","203989","Shahico Services","7/10/2018","BD","1","1","1","1","1","1","1","","","","","1","1","","1","1","1","1","1","","","","","","","","","","7/10/2018","130","","","1","","",""
"","204100","Shahico Services","29-08-2018","BD","1","1","1","1","1","1","1","","","","","1","1","","1","1","1","1","1","","","","","","","","","","29-08-2018","260","","","1","","",""
"","204181","Shahico Services","10/4/2018","BD","1","1","1","1","1","1","1","","","","","1","1","","1","1","1","1","1","","","","","","","","","","10/4/2018","130","","","1","","",""
"","204055","Shahico Services","8/7/2018","BD","1","1","1","1","1","1","1","","","","","1","1","","1","1","1","1","1","","","","","","","","","","8/7/2018","140","","","1","","",""
"","203071","Shahico Services","9/6/2017","BD","1","1","1","1","1","1","1","","","","","1","1","","1","1","1","1","1","","","","","","","","","","9/9/2017","410","","","1","","",""
"","204997","Shahico Services","30-07-2019","BD","1","1","1","1","1","1","1","","","","","1","1","","1","1","1","1","1","","","","","","","","","","30-07-2019","10","","","1","","",""
"","1005","Shahico Services","6/7/2015","BD","1","1","1","1","1","1","1","","","","","1","1","","1","1","1","1","1","","","","","","","","","","6/7/2015","280","","","1","","",""
"","1007","Shahico Services","29-06-2015","BD","1","1","1","1","1","1","1","","","","","1","1","","1","1","1","1","1","","","","","","","","","","29-06-2015","105","","","1","","",""
"","1033","Shahico Services","25-07-2015","BD","1","1","1","1","1","1","1","","","","","1","1","","1","1","1","1","1","","","","","","","","","","25-07-2015","115","","","1","","",""
"","20007","Shahico Services","8/4/2015","BD","1","1","1","1","1","1","1","","","","","1","1","","1","1","1","1","1","","","","","","","","","","8/4/2015","110","","","1","","",""
"","1011","Shahico Services","13-06-2015","BD","1","1","1","1","1","1","1","","","","","1","1","","1","1","1","1","1","","","","","","","","","","13-06-2015","140","","","1","","",""
"","1002","Shahico Services","18-06-2015","BD","1","1","1","1","1","1","1","","","","","1","1","","1","1","1","1","1","","","","","","","","","","18-06-2015","1200","","","1","","",""
"","1020","Shahico Services","21-06-2015","BD","1","1","1","1","1","1","1","","","","","1","1","","1","1","1","1","1","","","","","","","","","","21-06-2015","140","","","1","","",""
"","1003","Shahico Services","28-06-2015","BD","1","1","1","1","1","1","1","","","","","1","1","","1","1","1","1","1","","","","","","","","","","28-06-2015","230","","","1","","",""
"","20025","Shahico Services","13-08-2015","BD","1","1","1","1","1","1","1","","","","","1","1","","1","1","1","1","1","","","","","","","","","","13-08-2015","140","","","1","","",""
"","20029","Shahico Services","15-08-2015","BD","1","1","1","1","1","1","1","","","","","1","1","","1","1","1","1","1","","","","","","","","","","15-08-2015","140","","","1","","",""
"","20058","Shahico Services","27-08-2015","BD","1","1","1","1","1","1","1","","","","","1","1","","1","1","1","1","1","","","","","","","","","","27-08-2015","140","","","1","","",""
"","20059","Shahico Services","27-08-2015","BD","1","1","1","1","1","1","1","","","","","1","1","","1","1","1","1","1","","","","","","","","","","27-08-2015","140","","","1","","",""
"","20109","Shahico Services","30-09-2015","BD","1","1","1","1","1","1","1","","","","","1","1","","1","1","1","1","1","","","","","","","","","","30-09-2015","140","","","1","","",""
"","20148","Shahico Services","14-10-2015","BD","1","1","1","1","1","1","1","","","","","1","1","","1","1","1","1","1","","","","","","","","","","14-10-2015","200","","","1","","",""
"","201188","Shahico Services","24-12-2015","BD","1","1","1","1","1","1","1","","","","","1","1","","1","1","1","1","1","","","","","","","","","","24-12-2015","200","","","1","","",""
"","201345","Shahico Services","13-02-2016","BD","1","1","1","1","1","1","1","","","","","1","1","","1","1","1","1","1","","","","","","","","","","13-02-2016","300","","","1","","",""
"","202821","Shahico Services","7/2/2017","BD","1","1","1","1","1","1","1","","","","","1","1","","1","1","1","1","1","","","","","","","","","","18-08-2017","5","","","1","","",""
"","203243","Shahico Services","11/4/2017","BD","1","1","1","1","1","1","1","","","","","1","1","","1","1","1","1","1","","","","","","","","","","11/4/2017","210","","","1","","",""
"","204969","Shahico Services","23-07-2019","BD","1","1","1","1","1","1","1","","","","","1","1","","1","1","1","1","1","","","","","","","","","","23-07-2019","599","","","1","","",""
"","205056","Shahico Services","28-08-2019","BD","1","1","1","1","1","1","1","","","","","1","1","","1","1","1","1","1","","","","","","","","","","28-08-2019","20","","","1","","",""
"","204173","Shahico Services","30-09-2018","BD","1","1","1","1","1","1","1","","","","","1","1","","1","1","1","1","1","","","","","","","","","","30-09-2018","544","","","1","","",""
"","203171","Shahico Services","10/3/2017","BD","1","1","1","1","1","1","1","","","","","1","1","","1","1","1","1","1","","","","","","","","","","10/3/2017","0","","","1","","",""
"","201138","Shahico Services","12/7/2015","BD","1","1","1","1","1","1","1","","","","","1","1","","1","1","1","1","1","","","","","","","","","","12/6/2015","200","","","1","","",""
"","201160","Shahico Services","19-12-2015","BD","1","1","1","1","1","1","1","","","","","1","1","","1","1","1","1","1","","","","","","","","","","19-12-2015","100","","","1","","",""
"","201161","Shahico Services","19-12-2015","BD","1","1","1","1","1","1","1","","","","","1","1","","1","1","1","1","1","","","","","","","","","","19-12-2015","20","","","1","","",""
"","201162","Shahico Services","19-12-2015","BD","1","1","1","1","1","1","1","","","","","1","1","","1","1","1","1","1","","","","","","","","","","19-12-2015","10","","","1","","",""
"","202720","Shahico Services","30-05-2017","BD","1","1","1","1","1","1","1","","","","","1","1","","1","1","1","1","1","","","","","","","","","","30-05-2017","10","","","1","","",""
"","203670","Shahico Services","16-04-2018","BD","1","1","1","1","1","1","1","","","","","1","1","","1","1","1","1","1","","","","","","","","","","16-04-2018","5","","","1","","",""
"","204906","Shahico Services","7/7/2019","BD","1","1","1","1","1","1","1","","","","","1","1","","1","1","1","1","1","","","","","","","","","","7/7/2019","780","","","1","","",""
"","201889","Shahico Services","25-08-2016","BD","1","1","1","1","1","1","1","","","","","1","1","","1","1","1","1","1","","","","","","","","","","25-08-2016","10","","","1","","",""
"","203795","Shahico Services","28-05-2018","BD","1","1","1","1","1","1","1","","","","","1","1","","1","1","1","1","1","","","","","","","","","","28-05-2018","1500","","","1","","",""
"","204078","Shahico Services","13-08-2018","BD","1","1","1","1","1","1","1","","","","","1","1","","1","1","1","1","1","","","","","","","","","","13-08-2018","7","","","1","","",""
"","204079","Shahico Services","13-08-2018","BD","1","1","1","1","1","1","1","","","","","1","1","","1","1","1","1","1","","","","","","","","","","13-08-2018","21","","","1","","",""
"","204285","Shahico Services","25-11-2018","BD","1","1","1","1","1","1","1","","","","","1","1","","1","1","1","1","1","","","","","","","","","","25-11-2018","20","","","1","","",""
"","204009","Shahico Services","24-07-2018","BD","1","1","1","1","1","1","1","","","","","1","1","","1","1","1","1","1","","","","","","","","","","24-07-2018","185","","","1","","",""
"","201142","Shahico Services","12/10/2015","BD","1","1","1","1","1","1","1","","","","","1","1","","1","1","1","1","1","","","","","","","","","","12/10/2015","10","","","1","","",""
"","203472","Shahico Services","21-02-2018","BD","1","1","1","1","1","1","1","","","","","1","1","","1","1","1","1","1","","","","","","","","","","21-02-2018","400","","","1","","",""
"","203473","Shahico Services","21-02-2018","BD","1","1","1","1","1","1","1","","","","","1","1","","1","1","1","1","1","","","","","","","","","","21-02-2018","50","","","1","","",""
"","202620","Shahico Services","19-04-2017","BD","1","1","1","1","1","1","1","","","","","1","1","","1","1","1","1","1","","","","","","","","","","19-04-2017","500","","","1","","",""
"","201823","Shahico Services","8/3/2016","BD","1","1","1","1","1","1","1","","","","","1","1","","1","1","1","1","1","","","","","","","","","","8/3/2016","160","","","1","","",""
"","201893","Shahico Services","27-08-2016","BD","1","1","1","1","1","1","1","","","","","1","1","","1","1","1","1","1","","","","","","","","","","27-08-2016","85","","","1","","",""
"","201911","Shahico Services","31-08-2016","BD","1","1","1","1","1","1","1","","","","","1","1","","1","1","1","1","1","","","","","","","","","","31-08-2016","0","","","1","","",""
"","202036","Shahico Services","13-10-2016","BD","1","1","1","1","1","1","1","","","","","1","1","","1","1","1","1","1","","","","","","","","","","13-10-2016","30","","","1","","",""
"","202075","Shahico Services","23-10-2016","BD","1","1","1","1","1","1","1","","","","","1","1","","1","1","1","1","1","","","","","","","","","","23-10-2016","20","","","1","","",""
"","202153","Shahico Services","14-11-2016","BD","1","1","1","1","1","1","1","","","","","1","1","","1","1","1","1","1","","","","","","","","","","14-11-2016","85","","","1","","",""
"","202523","Shahico Services","14-03-2017","BD","1","1","1","1","1","1","1","","","","","1","1","","1","1","1","1","1","","","","","","","","","","14-03-2017","30","","","1","","",""
"","203724","Shahico Services","5/6/2018","BD","1","1","1","1","1","1","1","","","","","1","1","","1","1","1","1","1","","","","","","","","","","5/6/2018","350","","","1","","",""
"","201910","Shahico Services","31-08-2016","BD","1","1","1","1","1","1","1","","","","","1","1","","1","1","1","1","1","","","","","","","","","","31-08-2016","20","","","1","","",""
"","202214","Shahico Services","12/5/2016","BD","1","1","1","1","1","1","1","","","","","1","1","","1","1","1","1","1","","","","","","","","","","12/5/2016","20","","","1","","",""
"","202227","Shahico Services","12/8/2016","BD","1","1","1","1","1","1","1","","","","","1","1","","1","1","1","1","1","","","","","","","","","","12/8/2016","100","","","1","","",""
"","204318","Shahico Services","13-12-2018","BD","1","1","1","1","1","1","1","","","","","1","1","","1","1","1","1","1","","","","","","","","","","13-12-2018","700","","","1","","",""
"","204665","Shahico Services","15-04-2019","BD","1","1","1","1","1","1","1","","","","","1","1","","1","1","1","1","1","","","","","","","","","","15-04-2019","450","","","1","","",""
"","204763","Shahico Services","15-05-2019","BD","1","1","1","1","1","1","1","","","","","1","1","","1","1","1","1","1","","","","","","","","","","15-05-2019","800","","","1","","",""
"","204769","Shahico Services","20-05-2019","BD","1","1","1","1","1","1","1","","","","","1","1","","1","1","1","1","1","","","","","","","","","","20-05-2019","470","","","1","","",""
"","204788","Shahico Services","27-05-2019","BD","1","1","1","1","1","1","1","","","","","1","1","","1","1","1","1","1","","","","","","","","","","27-05-2019","200","","","1","","",""
"","204848","Shahico Services","19-06-2019","BD","1","1","1","1","1","1","1","","","","","1","1","","1","1","1","1","1","","","","","","","","","","19-06-2019","160","","","1","","",""
"","201104","Shahico Services","23-11-2015","BD","1","1","1","1","1","1","1","","","","","1","1","","1","1","1","1","1","","","","","","","","","","23-11-2015","10","","","1","","",""
"","201137","Shahico Services","12/6/2015","BD","1","1","1","1","1","1","1","","","","","1","1","","1","1","1","1","1","","","","","","","","","","12/6/2015","60","","","1","","",""
"","201140","Shahico Services","12/9/2015","BD","1","1","1","1","1","1","1","","","","","1","1","","1","1","1","1","1","","","","","","","","","","12/9/2015","200","","","1","","",""
"","201922","Shahico Services","31-08-2016","BD","1","1","1","1","1","1","1","","","","","1","1","","1","1","1","1","1","","","","","","","","","","31-08-2016","30","","","1","","",""
"","201923","Shahico Services","31-08-2016","BD","1","1","1","1","1","1","1","","","","","1","1","","1","1","1","1","1","","","","","","","","","","31-08-2016","10","","","1","","",""
"","201976","Shahico Services","26-09-2016","BD","1","1","1","1","1","1","1","","","","","1","1","","1","1","1","1","1","","","","","","","","","","26-09-2016","30","","","1","","",""
"","201995","Shahico Services","10/1/2016","BD","1","1","1","1","1","1","1","","","","","1","1","","1","1","1","1","1","","","","","","","","","","10/1/2016","30","","","1","","",""
"","202011","Shahico Services","10/8/2016","BD","1","1","1","1","1","1","1","","","","","1","1","","1","1","1","1","1","","","","","","","","","","10/8/2016","5","","","1","","",""
"","202023","Shahico Services","10/12/2016","BD","1","1","1","1","1","1","1","","","","","1","1","","1","1","1","1","1","","","","","","","","","","10/12/2016","55","","","1","","",""
"","202024","Shahico Services","10/12/2016","BD","1","1","1","1","1","1","1","","","","","1","1","","1","1","1","1","1","","","","","","","","","","10/12/2016","30","","","1","","",""
"","202038","Shahico Services","13-10-2016","BD","1","1","1","1","1","1","1","","","","","1","1","","1","1","1","1","1","","","","","","","","","","13-10-2016","100","","","1","","",""
"","202039","Shahico Services","13-10-2016","BD","1","1","1","1","1","1","1","","","","","1","1","","1","1","1","1","1","","","","","","","","","","13-10-2016","30","","","1","","",""
"","202084","Shahico Services","26-10-2016","BD","1","1","1","1","1","1","1","","","","","1","1","","1","1","1","1","1","","","","","","","","","","26-10-2016","30","","","1","","",""
"","202093","Shahico Services","27-10-2016","BD","1","1","1","1","1","1","1","","","","","1","1","","1","1","1","1","1","","","","","","","","","","27-10-2016","30","","","1","","",""
"","202105","Shahico Services","11/1/2016","BD","1","1","1","1","1","1","1","","","","","1","1","","1","1","1","1","1","","","","","","","","","","11/1/2016","226.6","","","1","","",""
"","202132","Shahico Services","11/8/2016","BD","1","1","1","1","1","1","1","","","","","1","1","","1","1","1","1","1","","","","","","","","","","11/8/2016","50","","","1","","",""
"","202143","Shahico Services","11/12/2016","BD","1","1","1","1","1","1","1","","","","","1","1","","1","1","1","1","1","","","","","","","","","","11/12/2016","54","","","1","","",""
"","202316","Shahico Services","15-01-2017","BD","1","1","1","1","1","1","1","","","","","1","1","","1","1","1","1","1","","","","","","","","","","15-01-2017","1","","","1","","",""
"","204811","Shahico Services","6/3/2019","BD","1","1","1","1","1","1","1","","","","","1","1","","1","1","1","1","1","","","","","","","","","","6/3/2019","30","","","1","","",""
"","204506","Shahico Services","24-02-2019","BD","1","1","1","1","1","1","1","","","","","1","1","","1","1","1","1","1","","","","","","","","","","24-02-2019","599","","","1","","",""
"","204607","Shahico Services","28-03-2019","BD","1","1","1","1","1","1","1","","","","","1","1","","1","1","1","1","1","","","","","","","","","","28-03-2019","5","","","1","","",""
"","204697","Shahico Services","23-04-2019","BD","1","1","1","1","1","1","1","","","","","1","1","","1","1","1","1","1","","","","","","","","","","22-04-2019","15","","","1","","",""
"","204753","Shahico Services","13-05-2019","BD","1","1","1","1","1","1","1","","","","","1","1","","1","1","1","1","1","","","","","","","","","","13-05-2019","100","","","1","","",""
"","204813","Shahico Services","6/3/2019","BD","1","1","1","1","1","1","1","","","","","1","1","","1","1","1","1","1","","","","","","","","","","6/3/2019","50","","","1","","",""
"","204958","Shahico Services","21-07-2019","BD","1","1","1","1","1","1","1","","","","","1","1","","1","1","1","1","1","","","","","","","","","","21-07-2019","25","","","1","","",""
"","204990","Shahico Services","28-07-2019","BD","1","1","1","1","1","1","1","","","","","1","1","","1","1","1","1","1","","","","","","","","","","28-07-2019","35","","","1","","",""
"","205037","Shahico Services","20-08-2019","BD","1","1","1","1","1","1","1","","","","","1","1","","1","1","1","1","1","","","","","","","","","","20-08-2019","25","","","1","","",""
"","204399","Shahico Services","22-01-2019","BD","1","1","1","1","1","1","1","","","","","1","1","","1","1","1","1","1","","","","","","","","","","22-01-2019","10","","","1","","",""
"","204471","Shahico Services","2/7/2019","BD","1","1","1","1","1","1","1","","","","","1","1","","1","1","1","1","1","","","","","","","","","","2/7/2019","100","","","1","","",""
"","204574","Shahico Services","19-03-2019","BD","1","1","1","1","1","1","1","","","","","1","1","","1","1","1","1","1","","","","","","","","","","19-03-2019","60","","","1","","",""
"","204593","Shahico Services","25-03-2019","BD","1","1","1","1","1","1","1","","","","","1","1","","1","1","1","1","1","","","","","","","","","","25-03-2019","5","","","1","","",""
"","204762","Shahico Services","15-05-2019","BD","1","1","1","1","1","1","1","","","","","1","1","","1","1","1","1","1","","","","","","","","","","15-05-2019","1250","","","1","","",""
"","203442","Shahico Services","2/12/2018","BD","1","1","1","1","1","1","1","","","","","1","1","","1","1","1","1","1","","","","","","","","","","24-03-2018","100","","","1","","",""
"","203442","Shahico Services","2/12/2018","BD","1","1","1","1","1","1","1","","","","","1","1","","1","1","1","1","1","","","","","","","","","","24-03-2018","100","","","1","","",""
